date,total_sales,electronics_sales,clothing_sales,food_sales,home_sales,num_transactions,avg_transaction_value
2021-01-01,104.97,93.39,131.82,109.46,100.07,46,1.84
2021-01-02,115.21,115.71,81.97,90.53,134.91,45,2.62
2021-01-03,127.88,92.71,126.1,118.25,104.53,47,2.56
2021-01-04,126.76,100.02,141.04,149.41,151.12,47,2.59
2021-01-05,92.79,119.88,105.19,85.4,101.07,53,1.78
2021-01-06,82.92,106.05,92.49,62.37,78.88,57,1.97
2021-01-07,105.86,74.42,82.64,109.47,103.19,37,2.21
2021-01-08,114.32,145.32,100.56,138.0,97.63,40,2.2
2021-01-09,118.54,128.43,108.49,139.58,136.47,63,2.82
2021-01-10,133.46,162.92,157.84,107.45,134.49,58,2.62
2021-01-11,113.52,110.44,98.45,125.29,101.32,54,2.27
2021-01-12,97.08,97.99,80.23,80.8,102.68,42,1.83
2021-01-13,94.27,93.64,120.15,78.33,122.31,53,2.09
2021-01-14,77.51,85.28,54.67,94.91,74.5,47,1.49
2021-01-15,95.96,75.22,124.63,81.55,120.19,57,1.85
2021-01-16,124.15,89.14,137.32,106.52,112.61,57,2.22
2021-01-17,124.43,110.09,148.95,87.15,91.19,60,2.39
2021-01-18,127.8,143.49,112.05,156.22,105.12,52,2.56
2021-01-19,99.13,81.4,70.24,116.54,94.3,48,1.91
2021-01-20,84.18,92.94,96.19,90.61,70.02,39,1.72
2021-01-21,117.72,150.92,141.33,135.4,82.42,59,2.35
2021-01-22,117.35,88.75,134.28,92.85,146.56,43,2.39
2021-01-23,136.81,150.98,107.49,133.39,165.04,46,2.91
2021-01-24,126.64,122.36,145.89,115.33,145.05,58,3.09
2021-01-25,125.5,153.22,145.75,94.91,100.49,48,2.24
2021-01-26,115.58,93.19,126.57,114.61,89.25,41,2.06
2021-01-27,93.01,103.76,107.86,116.49,68.88,49,1.82
2021-01-28,113.0,135.92,136.45,81.82,128.19,55,2.57
2021-01-29,119.73,151.67,127.89,104.75,150.54,55,2.92
2021-01-30,139.31,154.62,104.92,114.86,133.5,57,3.03
2021-01-31,140.91,140.67,139.87,118.77,108.71,43,3.28
2021-02-01,155.47,166.46,116.07,193.57,156.62,53,2.29
2021-02-02,120.28,146.91,113.61,117.98,109.37,48,2.45
2021-02-03,99.84,104.07,94.28,97.82,92.34,59,1.88
2021-02-04,123.32,88.57,91.21,142.6,132.3,49,2.74
2021-02-05,119.33,150.18,108.5,94.59,134.99,43,2.25
2021-02-06,150.06,167.12,115.03,148.91,115.0,50,3.57
2021-02-07,133.02,147.11,157.62,127.43,95.95,51,2.61
2021-02-08,129.29,107.24,164.02,136.81,167.64,57,3.23
2021-02-09,127.96,140.16,95.12,166.31,107.44,55,2.37
2021-02-10,123.31,115.46,156.99,143.25,90.3,50,2.28
2021-02-11,122.26,133.35,123.91,114.76,99.51,49,1.88
2021-02-12,135.76,103.72,119.44,162.45,98.21,62,2.56
2021-02-13,150.28,164.51,112.13,120.59,140.52,66,2.24
2021-02-14,143.09,185.96,143.14,102.78,169.05,53,3.18
2021-02-15,140.57,102.46,165.4,115.64,127.18,41,2.87
2021-02-16,126.5,162.72,142.22,114.39,122.27,39,2.75
2021-02-17,131.55,124.2,96.05,132.39,145.41,49,2.99
2021-02-18,128.96,157.64,95.91,137.87,129.65,44,2.63
2021-02-19,124.2,145.24,116.96,154.79,151.13,48,2.11
2021-02-20,161.36,167.85,141.54,162.32,196.8,54,4.25
2021-02-21,158.78,181.5,133.29,158.9,112.09,50,2.89
2021-02-22,145.68,178.76,126.53,106.37,169.98,45,3.74
2021-02-23,141.83,133.67,167.66,102.25,138.49,42,3.22
2021-02-24,135.82,121.72,170.79,139.98,175.65,44,2.38
2021-02-25,139.28,153.29,131.35,134.11,137.88,56,2.84
2021-02-26,137.8,163.25,171.38,165.84,178.06,52,3.28
2021-02-27,159.31,184.38,142.25,126.88,183.65,38,3.32
2021-02-28,170.14,200.55,167.74,121.65,144.48,48,4.05
2021-03-01,166.32,159.89,138.98,161.23,170.15,54,2.68
2021-03-02,134.95,160.69,146.33,113.7,174.8,44,3.14
2021-03-03,127.59,98.52,164.26,93.11,154.96,48,2.32
2021-03-04,122.76,126.04,130.38,139.31,93.11,70,2.67
2021-03-05,138.0,97.08,126.23,105.84,155.09,47,2.82
2021-03-06,174.21,155.88,189.66,185.53,158.07,54,3.56
2021-03-07,183.98,169.24,142.36,159.81,129.56,41,4.38
2021-03-08,159.34,149.41,196.5,128.13,150.11,57,3.12
2021-03-09,153.19,171.15,153.47,142.14,128.81,46,3.13
2021-03-10,136.38,127.26,132.24,161.05,162.47,56,2.53
2021-03-11,130.6,126.58,137.32,122.14,117.85,48,2.14
2021-03-12,156.7,132.03,168.44,180.28,187.5,48,3.07
2021-03-13,184.5,170.47,137.1,143.04,129.22,50,3.62
2021-03-14,173.0,144.69,191.96,201.32,153.05,61,4.22
2021-03-15,178.55,132.83,150.9,150.37,150.82,64,3.64
2021-03-16,119.7,127.13,135.07,132.44,100.57,57,2.3
2021-03-17,143.63,158.13,171.43,149.3,106.42,34,2.52
2021-03-18,140.47,150.54,166.09,176.64,114.1,51,2.93
2021-03-19,152.55,149.21,157.36,142.24,157.64,53,2.68
2021-03-20,172.39,159.95,174.48,127.52,150.81,68,3.59
2021-03-21,155.74,189.69,122.37,110.81,148.02,41,2.51
2021-03-22,162.86,164.72,189.76,194.8,150.83,51,3.07
2021-03-23,151.52,149.63,130.74,153.77,185.7,53,3.16
2021-03-24,152.14,108.84,151.84,177.27,189.14,49,4.11
2021-03-25,136.26,123.28,118.63,114.55,135.69,37,2.43
2021-03-26,149.2,138.48,116.42,135.34,134.0,50,2.82
2021-03-27,168.1,157.89,181.17,120.71,128.44,50,3.36
2021-03-28,186.31,195.27,136.49,237.9,236.99,53,3.0
2021-03-29,169.78,173.21,195.11,186.88,124.98,59,3.46
2021-03-30,143.99,153.31,128.23,181.42,126.51,50,3.0
2021-03-31,143.73,166.58,100.62,123.51,126.32,53,3.19
2021-04-01,143.55,170.51,144.51,153.15,128.08,49,2.43
2021-04-02,168.0,189.99,122.33,186.0,134.16,41,3.11
2021-04-03,167.02,212.67,144.59,148.74,195.4,51,3.55
2021-04-04,174.7,124.2,196.4,211.19,135.13,48,3.88
2021-04-05,163.29,133.49,120.45,207.1,176.51,59,2.72
2021-04-06,135.27,95.3,162.81,166.5,104.74,39,2.76
2021-04-07,142.07,154.64,99.78,162.45,105.46,59,2.41
2021-04-08,145.6,180.37,123.48,126.16,181.36,55,2.91
2021-04-09,158.67,134.25,181.61,137.88,129.17,53,2.74
2021-04-10,171.9,215.94,152.95,219.69,205.03,56,3.58
2021-04-11,163.92,120.67,124.76,115.76,168.31,53,2.98
2021-04-12,163.0,205.49,149.33,184.13,121.71,41,3.2
2021-04-13,146.37,133.33,126.2,164.48,186.36,52,2.93
2021-04-14,130.87,99.58,157.79,140.51,111.0,48,2.73
2021-04-15,141.06,139.86,125.26,182.54,171.5,54,2.39
2021-04-16,162.24,138.57,190.37,143.93,130.0,39,3.31
2021-04-17,192.58,167.73,237.87,174.09,233.48,50,3.57
2021-04-18,179.2,158.48,172.08,133.93,126.86,51,3.38
2021-04-19,169.06,199.8,210.64,163.26,170.26,58,3.52
2021-04-20,148.23,151.71,137.31,126.97,172.19,49,2.18
2021-04-21,118.79,105.34,151.86,107.62,149.78,58,2.38
2021-04-22,141.38,150.74,106.54,169.76,176.09,48,3.14
2021-04-23,157.68,178.13,175.38,198.89,187.92,50,3.5
2021-04-24,197.13,170.24,196.4,159.96,243.05,44,3.65
2021-04-25,174.21,165.17,162.47,160.88,142.77,50,3.87
2021-04-26,168.08,129.95,181.47,211.31,146.32,40,2.95
2021-04-27,147.11,118.97,165.1,108.43,128.48,66,2.83
2021-04-28,124.68,138.23,87.6,94.18,115.48,42,2.15
2021-04-29,151.37,122.44,121.12,120.74,141.68,46,3.36
2021-04-30,162.8,165.26,183.61,172.1,167.15,46,3.19
2021-05-01,178.52,200.91,196.34,141.08,142.09,51,3.64
2021-05-02,165.05,126.12,211.2,211.4,183.99,49,3.0
2021-05-03,177.01,184.16,204.74,171.36,141.71,47,4.12
2021-05-04,131.26,112.09,166.76,131.38,116.32,44,2.98
2021-05-05,139.97,178.84,156.98,118.69,140.25,56,2.98
2021-05-06,159.49,157.92,140.16,156.71,187.86,54,3.13
2021-05-07,142.93,169.17,109.09,156.82,163.47,48,3.4
2021-05-08,162.41,167.3,189.87,186.89,176.59,47,3.31
2021-05-09,172.52,125.26,187.44,198.8,136.89,43,3.38
2021-05-10,155.24,167.65,113.16,162.5,159.63,43,2.87
2021-05-11,126.98,161.37,116.32,157.79,95.55,47,2.89
2021-05-12,131.91,139.95,168.06,157.03,122.2,46,2.03
2021-05-13,124.0,147.75,124.03,143.13,117.57,40,2.48
2021-05-14,154.53,190.15,148.29,113.32,111.86,50,4.29
2021-05-15,155.75,130.34,151.8,109.67,134.63,62,3.8
2021-05-16,183.82,152.06,151.71,152.1,234.07,45,3.6
2021-05-17,149.16,159.09,137.41,163.8,189.76,45,3.55
2021-05-18,135.9,128.65,125.29,128.66,123.86,34,2.95
2021-05-19,135.91,163.63,99.41,127.96,98.66,57,2.95
2021-05-20,118.8,147.31,137.87,146.21,95.93,50,2.7
2021-05-21,148.47,135.42,141.04,183.71,138.87,41,3.09
2021-05-22,174.35,146.83,208.06,217.16,221.2,47,3.87
2021-05-23,148.51,173.5,179.72,131.92,116.54,51,2.97
2021-05-24,155.03,134.09,128.24,172.81,179.55,48,3.16
2021-05-25,137.85,164.53,150.86,118.96,105.48,53,2.19
2021-05-26,131.65,125.63,129.47,107.22,169.67,49,2.86
2021-05-27,114.73,126.26,140.9,93.02,106.58,40,2.55
2021-05-28,128.92,97.63,106.93,116.71,150.21,56,2.34
2021-05-29,162.36,174.43,179.69,155.54,147.03,50,4.39
2021-05-30,163.35,158.62,173.91,195.79,175.86,52,2.87
2021-05-31,151.43,159.3,132.83,116.89,123.45,34,2.86
2021-06-01,134.39,107.62,105.09,153.34,105.85,43,2.24
2021-06-02,112.66,128.67,122.91,114.78,142.27,55,2.25
2021-06-03,124.98,152.19,142.88,109.08,156.3,41,2.08
2021-06-04,140.57,116.68,125.02,139.96,173.24,42,3.06
2021-06-05,145.46,110.17,158.1,128.0,156.4,44,3.31
2021-06-06,174.44,124.58,163.47,184.5,206.71,45,2.96
2021-06-07,149.02,161.71,168.08,143.1,110.48,35,3.1
2021-06-08,114.32,121.67,93.69,91.3,102.99,35,2.43
2021-06-09,121.28,124.68,149.68,93.38,107.72,50,2.89
2021-06-10,108.13,90.74,94.34,111.16,116.93,51,2.46
2021-06-11,140.67,131.47,129.51,174.64,128.52,43,2.93
2021-06-12,159.31,168.34,117.07,144.4,125.71,52,3.32
2021-06-13,142.66,142.38,109.41,162.61,150.92,56,3.75
2021-06-14,148.96,192.55,150.38,163.14,177.06,41,2.86
2021-06-15,125.37,98.02,107.89,157.83,116.5,54,2.56
2021-06-16,117.91,131.71,141.64,140.61,91.89,54,2.36
2021-06-17,131.78,124.21,93.41,137.05,107.8,44,3.21
2021-06-18,125.25,119.86,116.17,137.05,105.53,43,3.13
2021-06-19,135.06,152.7,121.88,167.35,118.85,54,2.6
2021-06-20,136.82,152.62,97.36,128.57,148.54,62,3.11
2021-06-21,125.98,163.12,97.59,112.89,133.61,39,2.86
2021-06-22,115.26,89.56,109.29,81.43,128.82,45,2.68
2021-06-23,107.87,82.24,107.41,129.0,98.97,48,2.16
2021-06-24,110.33,125.18,103.99,130.25,131.77,50,2.63
2021-06-25,130.71,136.85,133.13,99.69,107.5,48,2.29
2021-06-26,137.44,118.81,145.28,143.78,134.88,56,2.86
2021-06-27,154.94,115.84,109.38,151.59,182.92,42,3.44
2021-06-28,126.17,94.8,123.45,97.31,101.96,47,2.47
2021-06-29,137.9,170.51,176.25,177.66,105.62,57,2.12
2021-06-30,105.36,85.88,106.57,87.33,129.62,43,1.88
2021-07-01,93.63,83.71,103.6,69.32,84.8,39,2.04
2021-07-02,106.36,88.91,94.35,112.41,118.09,56,2.09
2021-07-03,136.76,124.86,159.24,156.36,97.81,52,2.74
2021-07-04,132.79,98.49,154.54,95.54,147.93,51,3.49
2021-07-05,130.58,132.07,132.25,143.01,116.17,47,2.18
2021-07-06,110.05,81.5,141.48,112.18,80.71,53,2.68
2021-07-07,93.0,109.76,72.1,70.86,99.12,62,1.9
2021-07-08,88.35,74.24,62.75,70.99,74.61,51,2.15
2021-07-09,96.54,98.86,112.19,100.48,89.99,56,2.41
2021-07-10,122.1,149.95,144.6,107.18,91.37,42,2.18
2021-07-11,138.23,150.75,106.73,174.58,108.97,55,2.56
2021-07-12,120.23,122.61,103.32,143.22,105.66,49,2.5
2021-07-13,87.52,78.29,62.18,112.91,65.98,46,2.73
2021-07-14,90.13,81.1,78.95,77.14,112.35,48,2.1
2021-07-15,95.36,105.06,110.99,122.24,67.1,52,1.64
2021-07-16,97.56,126.49,98.61,93.54,96.62,58,1.84
2021-07-17,122.83,134.76,111.64,111.59,95.06,58,2.36
2021-07-18,125.0,129.33,115.38,91.27,110.57,46,2.4
2021-07-19,101.43,115.46,71.08,74.21,127.35,47,2.47
2021-07-20,98.35,96.29,86.53,109.68,78.38,36,1.64
2021-07-21,88.83,65.38,96.63,86.58,113.65,52,1.68
2021-07-22,97.19,100.82,124.84,81.24,80.03,45,2.02
2021-07-23,111.81,142.51,135.1,119.46,128.02,58,2.38
2021-07-24,102.42,82.47,73.14,87.23,105.29,58,1.86
2021-07-25,109.97,122.51,136.27,115.1,135.34,56,1.69
2021-07-26,112.98,92.71,132.18,103.43,116.64,43,2.26
2021-07-27,94.91,96.95,110.88,113.34,96.88,59,1.53
2021-07-28,83.41,63.23,81.31,99.47,68.17,41,1.64
2021-07-29,119.97,116.4,112.63,118.34,95.94,66,2.73
2021-07-30,102.11,117.8,90.03,92.97,127.63,47,1.62
2021-07-31,122.72,111.5,90.74,112.6,110.04,55,2.5
2021-08-01,124.1,136.38,103.87,146.87,114.58,56,2.0
2021-08-02,109.6,129.03,92.94,98.3,126.69,50,2.19
2021-08-03,81.93,102.93,81.15,67.63,74.0,47,1.91
2021-08-04,81.21,68.28,93.26,60.97,103.23,47,1.59
2021-08-05,69.12,64.94,68.03,67.74,78.98,50,1.38
2021-08-06,89.49,70.83,65.75,88.53,94.72,47,1.52
2021-08-07,102.02,132.17,130.04,122.89,125.34,54,2.13
2021-08-08,110.95,139.37,140.42,92.39,80.96,55,2.09
2021-08-09,121.85,124.77,142.7,113.15,104.09,53,1.97
2021-08-10,62.09,74.83,80.39,73.58,60.78,52,1.15
2021-08-11,76.22,77.18,78.25,91.02,63.73,51,1.21
2021-08-12,56.52,60.71,72.21,52.6,64.79,38,1.45
2021-08-13,83.0,62.54,61.86,80.96,103.87,66,1.77
2021-08-14,113.69,131.1,104.53,100.27,108.49,49,2.19
2021-08-15,106.76,82.91,89.17,134.47,96.65,51,1.87
2021-08-16,83.99,100.42,68.66,64.77,107.24,44,1.53
2021-08-17,69.73,81.53,54.7,87.88,67.42,42,1.52
2021-08-18,72.35,81.41,77.66,80.33,71.87,49,1.61
2021-08-19,61.61,44.46,72.0,62.77,56.12,44,1.34
2021-08-20,86.22,76.03,90.27,62.04,107.41,53,1.83
2021-08-21,99.67,85.5,78.55,98.21,103.79,48,1.78
2021-08-22,96.09,88.02,114.02,90.77,111.2,52,1.85
2021-08-23,112.76,84.86,121.96,89.84,133.86,51,2.13
2021-08-24,79.86,100.8,74.5,87.35,72.28,65,1.45
2021-08-25,50.0,51.61,55.22,64.13,48.01,36,0.85
2021-08-26,67.57,59.68,57.83,70.09,81.69,44,1.78
2021-08-27,74.31,69.72,67.41,83.89,68.21,49,1.49
2021-08-28,104.69,101.37,130.91,77.58,123.15,47,2.14
2021-08-29,91.71,97.25,80.19,87.18,115.98,50,1.83
2021-08-30,87.3,88.12,85.73,67.2,93.75,53,1.68
2021-08-31,75.78,94.84,93.51,80.91,86.76,43,1.8
2021-09-01,68.21,68.09,76.72,86.16,80.7,55,1.31
2021-09-02,51.08,66.16,37.66,56.04,61.65,52,1.06
2021-09-03,75.05,90.87,59.17,55.99,70.32,49,1.79
2021-09-04,88.97,73.41,62.7,81.21,65.02,51,1.71
2021-09-05,90.75,114.2,97.88,93.51,85.41,45,1.89
2021-09-06,103.83,79.93,100.57,97.8,114.66,38,2.12
2021-09-07,72.6,86.43,56.67,87.14,70.44,55,1.58
2021-09-08,50.0,46.42,63.74,59.44,57.47,50,1.14
2021-09-09,70.27,86.21,71.52,74.99,64.24,49,1.56
2021-09-10,97.72,119.3,82.59,90.3,105.62,54,2.08
2021-09-11,102.24,121.01,102.28,87.23,83.01,46,1.93
2021-09-12,80.38,94.37,89.05,61.38,92.41,50,1.55
2021-09-13,79.73,70.38,59.46,72.79,81.91,34,1.77
2021-09-14,79.71,59.67,68.93,75.56,65.55,59,1.63
2021-09-15,50.0,47.09,59.21,55.27,43.76,43,0.98
2021-09-16,64.21,51.63,62.66,70.3,73.79,48,1.23
2021-09-17,83.02,92.74,85.34,61.61,82.16,56,1.63
2021-09-18,81.53,74.0,78.24,76.4,67.64,35,2.04
2021-09-19,93.96,120.77,68.25,76.02,120.3,49,2.09
2021-09-20,51.23,55.57,40.96,40.68,57.85,65,1.07
2021-09-21,55.97,66.8,54.14,66.96,71.32,45,1.22
2021-09-22,52.81,41.17,43.6,38.3,50.5,60,1.0
2021-09-23,50.0,60.86,36.5,47.58,49.25,56,0.89
2021-09-24,91.08,114.19,109.86,72.95,112.83,51,1.72
2021-09-25,76.08,75.49,98.04,93.39,77.22,40,1.62
2021-09-26,89.84,95.57,105.64,92.91,101.01,45,1.58
2021-09-27,84.74,98.2,102.73,71.08,72.14,55,1.93
2021-09-28,80.52,64.81,68.05,80.64,77.95,52,1.71
2021-09-29,50.0,50.08,63.82,56.94,38.7,36,1.09
2021-09-30,70.88,66.57,57.99,90.36,58.38,48,1.77
2021-10-01,75.06,59.13,95.39,62.47,52.59,61,1.21
2021-10-02,80.87,74.44,104.88,99.61,58.51,52,1.47
2021-10-03,99.27,73.55,111.88,125.14,127.7,32,1.87
2021-10-04,85.93,61.48,110.74,107.41,72.65,45,1.87
2021-10-05,60.72,47.43,63.25,65.65,66.67,66,1.21
2021-10-06,56.74,72.51,48.56,61.16,68.29,57,1.26
2021-10-07,56.22,57.89,54.09,52.95,57.93,51,1.48
2021-10-08,77.02,98.54,81.34,88.68,60.99,63,1.75
2021-10-09,98.33,94.35,73.14,100.18,111.79,53,2.52
2021-10-10,111.64,99.03,119.83,123.52,118.35,50,2.48
2021-10-11,72.8,73.07,93.82,69.68,82.9,51,1.46
2021-10-12,89.39,86.14,72.77,101.8,103.86,52,1.79
2021-10-13,50.0,38.17,58.78,59.73,64.26,53,0.98
2021-10-14,60.1,65.17,74.8,47.35,62.75,43,1.28
2021-10-15,83.41,69.2,105.62,100.07,75.49,66,1.77
2021-10-16,96.27,103.18,122.85,98.6,104.84,48,1.96
2021-10-17,91.4,99.64,92.58,110.3,67.73,52,2.29
2021-10-18,85.05,67.29,109.4,81.54,105.33,48,1.55
2021-10-19,65.18,48.03,75.24,60.45,50.29,70,1.59
2021-10-20,53.75,62.8,42.84,67.13,48.19,47,1.1
2021-10-21,72.36,70.62,71.36,61.56,86.07,44,1.51
2021-10-22,83.45,61.33,94.38,100.69,88.32,43,1.26
2021-10-23,88.98,115.4,75.49,88.13,83.3,49,1.56
2021-10-24,109.17,80.21,118.39,110.1,107.43,38,3.41
2021-10-25,92.85,103.72,102.13,82.18,112.6,59,1.82
2021-10-26,80.98,104.49,64.59,84.53,73.21,58,1.37
2021-10-27,68.78,58.01,71.46,61.56,84.03,50,1.56
2021-10-28,58.51,45.95,68.05,42.34,44.05,58,0.94
2021-10-29,77.31,59.75,77.26,66.74,90.15,44,1.38
2021-10-30,106.51,93.94,75.33,74.97,128.72,57,2.13
2021-10-31,109.5,83.29,77.25,140.93,88.6,47,2.49
2021-11-01,92.88,103.59,84.92,118.84,89.0,51,3.2
2021-11-02,77.44,57.1,97.24,72.57,61.9,63,1.29
2021-11-03,78.76,79.2,65.94,89.55,88.52,37,1.64
2021-11-04,64.48,83.69,69.68,58.51,65.85,49,1.37
2021-11-05,92.07,109.41,76.71,101.52,99.54,43,1.64
2021-11-06,100.79,107.75,90.0,119.26,82.43,70,1.83
2021-11-07,105.08,92.87,127.02,133.25,86.91,50,2.28
2021-11-08,108.03,116.06,122.86,101.56,78.31,51,2.35
2021-11-09,88.55,89.99,67.05,103.6,79.1,41,1.92
2021-11-10,78.23,74.76,74.89,67.25,81.04,46,1.63
2021-11-11,87.65,68.23,62.89,113.44,106.47,52,1.99
2021-11-12,91.09,112.22,90.04,65.17,100.21,56,1.86
2021-11-13,113.99,110.56,125.1,121.07,109.57,47,2.28
2021-11-14,108.6,88.7,83.74,118.99,138.13,44,2.17
2021-11-15,104.8,96.49,91.53,116.63,118.59,43,2.33
2021-11-16,83.6,79.29,78.47,64.56,105.17,42,1.31
2021-11-17,75.75,90.64,94.82,95.68,77.0,54,1.46
2021-11-18,85.3,97.26,110.55,68.99,72.96,48,1.85
2021-11-19,87.53,101.67,63.63,93.98,64.04,51,2.13
2021-11-20,133.0,93.98,153.83,110.87,151.05,38,3.24
2021-11-21,106.62,101.26,98.42,94.29,82.4,38,2.42
2021-11-22,94.47,93.41,88.38,97.11,83.29,62,1.45
2021-11-23,101.6,72.29,117.1,96.55,103.58,47,1.99
2021-11-24,87.88,75.22,109.95,69.97,91.28,55,1.91
2021-11-25,90.85,105.04,115.43,72.91,96.33,54,1.51
2021-11-26,107.32,83.95,112.28,102.05,85.83,49,2.02
2021-11-27,117.34,119.83,107.28,135.46,108.88,43,2.44
2021-11-28,113.16,93.82,132.68,140.18,121.12,49,2.36
2021-11-29,112.88,79.84,96.02,84.72,144.7,48,2.57
2021-11-30,88.82,75.03,92.23,83.12,100.95,55,1.78
2021-12-01,95.35,122.57,87.26,72.48,119.53,40,1.7
2021-12-02,88.83,104.9,97.17,63.06,102.8,62,1.68
2021-12-03,98.52,125.69,83.18,108.08,103.94,51,1.97
2021-12-04,120.05,119.17,97.84,127.43,97.87,47,2.5
2021-12-05,132.11,101.18,165.26,105.4,145.32,50,1.94
2021-12-06,112.39,115.62,85.54,94.44,120.71,41,2.04
2021-12-07,93.32,90.76,93.65,66.65,99.06,64,1.99
2021-12-08,94.03,113.46,78.28,112.93,93.46,59,1.96
2021-12-09,98.79,74.97,71.46,126.93,100.49,44,1.94
2021-12-10,107.8,107.04,77.79,84.22,97.09,39,2.63
2021-12-11,124.69,98.51,100.39,104.6,126.13,43,2.97
2021-12-12,136.48,122.12,166.51,166.65,111.71,50,2.17
2021-12-13,109.76,125.39,95.44,137.85,129.86,40,2.07
2021-12-14,93.72,92.37,119.05,89.2,76.05,50,1.54
2021-12-15,90.7,83.95,95.14,66.25,68.12,57,1.62
2021-12-16,100.53,94.17,96.71,72.75,96.69,57,1.7
2021-12-17,122.33,119.36,128.21,127.76,133.95,51,2.72
2021-12-18,150.54,176.28,152.05,140.87,144.91,48,3.35
2021-12-19,149.15,184.24,172.31,106.97,129.18,53,5.14
2021-12-20,129.09,164.36,112.24,135.54,133.6,53,2.87
2021-12-21,114.08,133.72,104.02,80.63,103.61,61,2.59
2021-12-22,94.36,83.91,116.67,110.63,118.87,38,1.85
2021-12-23,109.0,121.31,138.2,96.34,136.65,56,2.27
2021-12-24,122.88,118.28,151.83,88.99,123.06,50,3.07
2021-12-25,145.58,124.15,138.54,153.29,130.54,45,2.7
2021-12-26,138.89,167.29,162.25,130.36,158.65,54,2.53
2021-12-27,142.48,103.02,140.46,182.98,102.87,46,2.34
2021-12-28,136.21,169.04,136.01,139.82,134.15,44,2.16
2021-12-29,109.92,107.38,90.45,95.1,99.13,44,1.9
2021-12-30,119.84,129.71,126.39,134.9,150.08,41,2.22
2021-12-31,139.31,152.63,113.08,120.21,98.52,51,2.14
2022-01-01,144.99,179.36,130.34,180.15,149.58,47,2.79
2022-01-02,156.06,168.85,189.3,144.33,178.59,60,2.48
2022-01-03,144.07,153.92,118.75,148.38,142.78,46,2.88
2022-01-04,128.52,95.1,95.45,93.86,96.55,42,2.25
2022-01-05,109.94,111.16,81.51,105.07,141.11,47,3.05
2022-01-06,122.73,96.97,155.19,147.2,124.05,44,2.41
2022-01-07,144.05,164.57,144.65,170.46,153.92,41,2.48
2022-01-08,170.16,171.41,160.91,142.02,143.27,53,4.36
2022-01-09,170.05,188.44,201.77,142.1,168.37,51,3.33
2022-01-10,172.11,124.78,206.79,204.88,164.79,53,3.59
2022-01-11,126.49,94.98,113.76,159.16,94.23,59,2.69
2022-01-12,133.01,150.27,148.46,100.71,101.58,54,2.71
2022-01-13,130.91,97.3,152.21,126.99,157.42,47,2.08
2022-01-14,167.55,124.45,183.09,151.21,141.39,51,3.05
2022-01-15,154.13,109.01,121.91,188.41,125.92,57,3.08
2022-01-16,158.6,202.05,194.37,118.97,159.07,54,3.45
2022-01-17,151.11,172.64,154.65,124.92,175.47,51,2.8
2022-01-18,119.43,108.91,103.84,137.52,88.04,53,2.39
2022-01-19,125.5,110.18,119.87,91.71,131.28,57,2.51
2022-01-20,127.94,116.4,92.44,127.36,98.71,51,2.98
2022-01-21,153.57,178.88,119.28,148.24,110.86,47,3.49
2022-01-22,172.02,188.68,199.43,154.93,125.86,49,3.07
2022-01-23,192.12,155.83,134.49,179.97,230.64,63,4.37
2022-01-24,172.93,139.12,164.27,176.04,133.29,53,3.09
2022-01-25,141.19,107.16,143.09,112.5,102.65,39,2.88
2022-01-26,128.03,140.34,93.81,133.56,123.26,54,2.37
2022-01-27,146.66,169.93,188.29,173.54,176.93,59,2.57
2022-01-28,145.04,124.59,121.21,167.68,124.36,38,3.15
2022-01-29,193.05,137.56,170.37,152.96,183.98,44,4.71
2022-01-30,191.24,143.3,168.75,151.0,138.45,56,4.16
2022-01-31,164.78,211.04,138.13,141.86,159.75,58,3.11
2022-02-01,135.82,119.15,95.2,124.5,142.15,52,2.47
2022-02-02,156.5,181.78,178.04,147.9,163.16,46,3.48
2022-02-03,146.5,157.46,187.53,162.29,131.77,49,3.05
2022-02-04,176.47,163.97,147.28,129.53,156.94,63,3.21
2022-02-05,164.59,135.53,180.69,118.64,125.74,42,2.84
2022-02-06,179.2,138.49,205.21,167.58,164.88,65,3.45
2022-02-07,175.21,187.3,211.84,195.94,133.11,42,3.65
2022-02-08,159.05,185.26,151.67,129.8,184.5,51,3.18
2022-02-09,144.03,156.47,127.0,156.26,184.33,54,2.82
2022-02-10,159.38,162.28,142.68,136.42,204.34,45,2.7
2022-02-11,158.87,115.21,179.13,195.67,193.67,46,2.44
2022-02-12,184.5,236.36,219.56,228.3,195.66,58,4.1
2022-02-13,191.72,226.08,155.09,168.4,214.82,45,3.31
2022-02-14,185.56,162.49,171.19,155.5,161.65,42,3.37
2022-02-15,170.89,220.1,212.1,161.79,184.3,60,3.88
2022-02-16,142.41,151.11,168.61,120.24,138.62,40,3.39
2022-02-17,142.86,149.93,184.43,157.64,141.32,53,3.17
2022-02-18,187.3,215.18,215.87,223.94,216.27,48,3.47
2022-02-19,194.15,230.47,181.71,214.31,168.75,55,3.81
2022-02-20,187.86,205.5,198.08,224.42,167.35,47,3.3
2022-02-21,200.69,155.9,220.07,188.28,251.82,50,3.79
2022-02-22,169.61,153.15,126.71,134.64,124.45,64,3.26
2022-02-23,170.05,213.73,174.59,194.33,168.58,58,3.95
2022-02-24,163.41,136.41,183.93,149.73,203.88,58,2.92
2022-02-25,199.58,184.27,159.74,220.08,212.79,48,4.34
2022-02-26,212.75,204.08,248.57,183.47,218.67,49,3.94
2022-02-27,197.14,189.97,207.05,147.61,167.54,68,4.02
2022-02-28,199.09,212.58,253.11,257.93,180.37,39,4.15
2022-03-01,179.02,226.62,129.87,142.09,216.84,35,3.89
2022-03-02,175.97,148.6,151.2,227.54,182.23,44,3.26
2022-03-03,157.03,121.37,166.59,201.99,158.42,49,2.71
2022-03-04,189.69,155.25,166.53,223.13,144.11,55,3.58
2022-03-05,209.55,258.19,236.51,229.59,148.7,46,5.24
2022-03-06,185.72,201.97,214.59,194.39,237.39,56,3.1
2022-03-07,181.13,157.86,137.93,220.92,167.76,49,4.77
2022-03-08,155.68,185.19,156.97,136.01,165.32,59,2.68
2022-03-09,163.0,198.34,163.87,159.84,121.9,50,2.76
2022-03-10,177.17,214.0,163.27,189.86,196.63,43,3.54
2022-03-11,201.07,251.61,253.3,190.36,253.26,43,4.19
2022-03-12,202.83,172.68,242.69,194.01,212.04,54,4.51
2022-03-13,222.63,256.7,248.97,199.96,172.69,63,4.37
2022-03-14,182.1,177.79,205.52,189.12,191.03,50,3.19
2022-03-15,161.88,195.1,158.16,195.93,187.75,61,2.89
2022-03-16,167.89,190.9,210.29,137.82,158.46,47,4.54
2022-03-17,176.48,205.75,197.09,222.48,216.7,62,3.27
2022-03-18,188.27,205.91,214.14,209.63,205.07,40,3.19
2022-03-19,183.87,148.28,223.77,219.53,227.91,61,3.54
2022-03-20,207.81,213.42,179.64,214.81,223.21,48,4.07
2022-03-21,185.11,238.94,219.22,216.16,144.16,52,2.99
2022-03-22,187.76,237.04,153.43,133.26,166.32,61,3.83
2022-03-23,174.16,126.42,158.0,207.43,143.0,53,3.96
2022-03-24,165.19,131.97,148.9,119.61,205.71,61,3.51
2022-03-25,185.31,144.36,238.51,228.66,214.26,67,3.71
2022-03-26,195.7,222.23,237.56,253.46,216.41,51,3.62
2022-03-27,209.72,249.7,235.03,183.8,184.67,48,4.11
2022-03-28,209.25,173.28,237.76,172.88,169.58,50,4.98
2022-03-29,172.65,173.25,179.08,200.14,199.21,52,3.92
2022-03-30,176.87,213.03,224.32,150.66,174.13,59,4.11
2022-03-31,170.52,194.34,170.14,207.92,142.47,43,4.06
2022-04-01,183.65,188.3,170.48,139.89,196.5,56,3.28
2022-04-02,206.25,217.43,164.55,159.96,149.36,56,4.21
2022-04-03,200.92,201.92,235.42,258.68,179.96,46,3.86
2022-04-04,194.98,171.3,222.41,215.32,191.3,43,3.9
2022-04-05,171.24,177.92,159.36,206.88,135.07,41,2.76
2022-04-06,192.09,213.86,137.37,171.85,247.95,49,3.69
2022-04-07,176.69,216.26,212.63,195.4,145.85,63,3.93
2022-04-08,184.99,200.12,130.76,195.45,143.96,50,3.78
2022-04-09,209.76,242.62,235.4,222.74,172.45,57,3.68
2022-04-10,210.34,167.44,269.69,233.38,244.3,46,3.9
2022-04-11,198.41,193.83,190.99,207.38,189.54,44,4.31
2022-04-12,189.36,133.61,159.25,181.3,196.79,45,3.44
2022-04-13,179.91,152.57,202.03,155.72,128.21,44,4.28
2022-04-14,170.82,194.03,203.32,198.34,123.1,58,3.88
2022-04-15,185.91,240.77,191.09,155.38,179.87,43,3.79
2022-04-16,204.45,155.28,261.75,228.05,243.3,45,4.44
2022-04-17,187.93,176.82,137.38,157.86,231.37,47,3.84
2022-04-18,184.84,218.12,185.38,198.74,139.01,52,4.51
2022-04-19,196.16,161.33,221.87,225.24,200.68,64,3.32
2022-04-20,187.96,194.17,228.86,156.24,234.57,43,4.0
2022-04-21,172.71,196.86,139.47,127.11,161.1,52,3.26
2022-04-22,196.41,210.08,231.77,152.92,235.25,48,3.64
2022-04-23,209.19,170.04,215.81,222.5,163.22,54,3.8
2022-04-24,240.52,219.65,225.59,290.94,303.35,46,4.81
2022-04-25,209.87,245.61,163.5,152.58,241.53,48,4.28
2022-04-26,179.8,185.65,219.21,205.06,227.41,65,3.0
2022-04-27,160.44,112.81,127.45,145.17,177.45,46,2.59
2022-04-28,157.53,182.19,139.55,155.5,144.61,50,3.5
2022-04-29,190.98,137.73,166.92,240.12,241.19,54,4.77
2022-04-30,196.72,225.72,240.56,176.88,170.23,51,3.78
2022-05-01,193.61,159.05,213.67,189.58,174.11,41,3.17
2022-05-02,190.22,242.5,224.08,134.72,213.14,60,4.88
2022-05-03,168.18,154.85,143.0,125.96,194.95,56,3.36
2022-05-04,184.7,165.52,198.53,157.94,232.28,49,3.93
2022-05-05,180.14,142.19,187.9,129.11,148.23,57,3.4
2022-05-06,186.51,164.75,223.75,201.21,219.85,51,3.73
2022-05-07,216.63,265.59,269.42,207.07,247.64,51,3.23
2022-05-08,206.07,267.44,145.75,212.02,152.14,66,4.12
2022-05-09,185.45,170.8,204.82,149.25,172.9,46,3.64
2022-05-10,191.52,185.61,140.02,168.07,166.56,58,4.07
2022-05-11,170.42,193.13,175.42,187.17,150.43,53,4.48
2022-05-12,158.07,194.7,137.93,202.2,203.88,43,3.51
2022-05-13,181.72,191.87,160.65,132.7,197.29,36,3.56
2022-05-14,190.03,177.67,173.27,234.55,214.85,51,5.14
2022-05-15,188.34,178.47,202.05,197.03,242.2,55,3.55
2022-05-16,200.12,223.61,180.2,207.8,185.38,56,4.08
2022-05-17,192.1,134.84,218.92,192.13,226.88,43,3.77
2022-05-18,147.68,158.28,139.22,109.53,141.88,58,3.21
2022-05-19,170.64,155.84,126.44,128.65,208.47,48,2.67
2022-05-20,173.6,204.25,203.16,184.11,140.34,42,4.69
2022-05-21,190.33,143.85,165.86,172.17,241.45,65,3.17
2022-05-22,192.58,202.78,184.82,240.8,160.09,44,5.07
2022-05-23,178.48,176.45,198.34,168.48,159.87,63,3.8
2022-05-24,169.68,184.17,152.62,133.36,195.76,53,3.54
2022-05-25,149.48,110.45,109.71,168.74,139.95,47,2.82
2022-05-26,163.77,171.63,151.38,143.46,174.4,32,3.81
2022-05-27,175.6,182.07,222.42,178.28,169.76,58,3.74
2022-05-28,188.74,195.61,204.79,211.14,216.18,47,4.1
2022-05-29,185.29,196.8,204.36,229.79,155.09,51,4.52
2022-05-30,177.16,195.91,191.22,208.21,130.22,44,3.62
2022-05-31,172.49,204.05,141.34,190.74,151.78,44,3.14
2022-06-01,158.48,136.59,150.71,175.56,156.04,45,2.99
2022-06-02,146.91,175.56,169.03,186.21,117.65,50,3.67
2022-06-03,172.66,172.48,131.36,151.5,157.61,44,3.2
2022-06-04,194.15,144.88,168.27,136.03,182.5,47,3.35
2022-06-05,173.13,127.27,149.9,149.44,127.15,51,3.21
2022-06-06,183.76,165.48,176.27,152.66,192.95,52,3.91
2022-06-07,153.66,179.93,197.95,168.58,189.1,47,2.96
2022-06-08,154.48,173.73,114.39,166.88,122.2,53,3.09
2022-06-09,144.31,169.3,145.93,152.4,152.78,52,3.01
2022-06-10,148.83,150.37,120.19,105.63,163.54,49,4.13
2022-06-11,165.53,159.59,212.27,188.25,157.52,45,3.52
2022-06-12,185.43,146.21,142.41,165.8,207.81,51,3.37
2022-06-13,176.01,157.86,165.83,193.44,166.58,56,5.18
2022-06-14,146.29,140.5,167.17,151.26,146.7,53,3.25
2022-06-15,150.17,113.1,168.6,136.0,105.78,63,3.66
2022-06-16,130.3,108.46,124.26,101.73,145.29,55,3.1
2022-06-17,161.15,170.65,146.31,121.94,176.75,43,3.43
2022-06-18,164.6,187.87,154.49,197.34,119.01,60,3.29
2022-06-19,173.31,225.13,148.8,216.81,159.61,63,3.15
2022-06-20,168.73,212.58,138.9,183.9,217.23,50,3.75
2022-06-21,141.55,153.65,140.11,107.87,134.81,57,2.83
2022-06-22,134.73,128.36,116.02,126.81,134.89,65,3.06
2022-06-23,151.74,164.14,132.39,172.59,189.07,54,3.61
2022-06-24,150.79,176.63,164.97,176.11,170.45,41,2.85
2022-06-25,179.79,138.62,230.33,138.61,188.64,42,3.15
2022-06-26,163.24,154.41,173.39,114.27,192.4,47,3.8
2022-06-27,168.25,202.55,125.54,189.66,205.03,53,3.12
2022-06-28,159.24,148.14,118.69,145.54,155.12,50,2.61
2022-06-29,108.52,113.2,137.91,92.54,106.9,51,1.97
2022-06-30,128.36,135.12,112.75,90.85,119.59,51,2.62
2022-07-01,156.97,127.25,118.55,160.77,200.93,46,3.27
2022-07-02,164.04,150.48,173.78,198.6,183.44,49,3.42
2022-07-03,172.87,155.71,185.7,220.34,129.64,53,3.32
2022-07-04,151.53,108.45,165.03,157.51,184.53,53,4.46
2022-07-05,140.31,100.25,120.73,141.53,138.67,46,3.34
2022-07-06,126.3,151.44,89.55,94.86,93.62,39,3.24
2022-07-07,142.63,123.21,182.42,146.81,146.88,54,3.17
2022-07-08,148.37,149.98,126.19,137.68,140.99,47,2.32
2022-07-09,164.07,144.26,181.4,174.62,201.26,58,3.35
2022-07-10,159.67,201.89,179.47,149.01,131.32,44,3.19
2022-07-11,147.33,126.06,157.06,124.38,176.19,45,3.2
2022-07-12,129.77,124.29,115.2,98.23,134.26,60,2.76
2022-07-13,126.46,154.75,109.09,112.42,92.67,48,2.26
2022-07-14,121.42,146.33,128.53,92.03,155.79,50,2.33
2022-07-15,143.41,116.4,174.91,115.61,144.5,57,3.19
2022-07-16,176.16,208.14,223.37,227.66,154.05,54,4.0
2022-07-17,167.23,163.03,127.69,161.62,164.16,61,3.34
2022-07-18,143.7,142.23,113.94,146.44,174.55,51,2.21
2022-07-19,140.88,109.9,178.47,172.46,124.39,48,2.66
2022-07-20,113.23,84.74,129.3,146.9,92.35,37,2.22
2022-07-21,100.06,113.75,123.06,105.03,77.79,45,2.22
2022-07-22,125.28,125.01,102.92,148.76,110.08,54,2.72
2022-07-23,131.57,126.58,138.48,117.91,153.67,50,3.87
2022-07-24,149.91,170.55,168.0,132.44,147.36,59,2.78
2022-07-25,142.08,164.71,157.43,133.78,118.85,54,2.9
2022-07-26,140.6,111.83,132.85,155.15,112.44,65,2.93
2022-07-27,115.59,123.23,81.98,128.22,103.99,56,2.41
2022-07-28,113.3,88.51,118.94,100.74,143.2,63,1.74
2022-07-29,138.74,159.66,118.18,108.2,125.67,56,2.77
2022-07-30,123.29,134.9,119.61,133.08,159.4,49,2.47
2022-07-31,150.95,192.3,192.39,117.29,149.61,56,3.28
2022-08-01,144.81,107.36,136.04,151.64,116.94,45,2.84
2022-08-02,104.31,76.59,125.57,116.41,128.79,50,2.32
2022-08-03,119.06,103.5,96.81,133.39,116.23,46,2.53
2022-08-04,114.23,97.9,126.05,131.6,128.6,55,1.63
2022-08-05,121.69,103.22,156.52,148.92,157.01,53,2.54
2022-08-06,147.18,183.06,112.03,147.18,107.46,55,3.07
2022-08-07,166.81,141.74,117.6,189.85,126.44,59,3.79
2022-08-08,134.49,116.09,129.13,144.11,152.28,45,2.64
2022-08-09,117.2,135.44,88.55,95.16,101.86,50,2.09
2022-08-10,98.71,95.73,113.42,70.62,80.01,47,1.79
2022-08-11,98.08,114.37,122.48,85.4,70.97,39,2.09
2022-08-12,129.95,96.06,124.8,125.51,92.67,43,2.76
2022-08-13,128.16,127.2,109.6,137.16,149.26,44,2.98
2022-08-14,140.74,101.36,135.2,170.29,109.87,56,3.13
2022-08-15,123.88,91.38,140.49,101.31,121.49,52,2.48
2022-08-16,115.56,143.74,81.52,89.6,122.9,50,2.69
2022-08-17,102.76,80.52,108.28,131.34,98.35,51,2.45
2022-08-18,113.15,115.35,120.84,86.54,81.05,50,2.02
2022-08-19,112.81,106.79,122.13,111.35,132.0,57,2.05
2022-08-20,130.36,118.42,110.18,137.05,92.07,41,2.29
2022-08-21,126.65,157.03,142.91,129.79,146.55,63,2.95
2022-08-22,120.7,86.07,91.11,90.72,149.19,47,2.94
2022-08-23,111.1,122.02,91.06,81.57,106.63,50,2.27
2022-08-24,103.63,132.45,127.1,79.1,105.84,63,1.88
2022-08-25,90.27,93.53,103.2,94.9,89.02,44,1.67
2022-08-26,123.4,155.74,87.4,126.68,115.2,47,2.68
2022-08-27,143.48,104.94,121.82,120.56,176.84,49,2.47
2022-08-28,137.53,130.82,113.96,148.89,170.03,45,3.06
2022-08-29,140.95,120.67,121.57,168.02,127.07,41,2.47
2022-08-30,96.72,110.11,82.07,70.11,103.39,51,2.06
2022-08-31,80.82,104.16,59.61,80.73,101.53,65,1.62
2022-09-01,78.99,67.46,77.05,87.97,100.9,41,1.8
2022-09-02,127.04,138.79,144.78,108.16,127.73,59,2.95
2022-09-03,133.94,109.68,142.52,118.49,130.15,65,2.13
2022-09-04,130.39,135.5,143.91,139.28,113.08,47,2.17
2022-09-05,122.63,119.97,91.81,151.91,156.39,52,2.31
2022-09-06,90.93,116.68,115.57,107.84,71.44,53,1.62
2022-09-07,115.55,123.08,139.02,121.32,121.09,40,2.75
2022-09-08,95.99,87.32,113.56,109.25,83.47,45,1.68
2022-09-09,111.19,85.44,132.73,102.17,96.44,54,2.32
2022-09-10,132.76,104.98,167.22,143.99,125.19,42,2.82
2022-09-11,133.95,111.88,137.51,131.24,174.04,45,2.63
2022-09-12,120.36,102.38,98.72,97.97,88.22,46,3.17
2022-09-13,92.67,112.17,99.17,103.89,97.04,34,1.85
2022-09-14,94.3,97.76,108.04,97.49,70.68,55,2.14
2022-09-15,112.1,113.68,128.11,102.59,88.87,45,2.24
2022-09-16,122.23,93.98,123.8,152.39,117.8,54,1.94
2022-09-17,140.21,170.51,103.91,99.91,141.09,57,2.92
2022-09-18,122.91,139.34,113.41,109.32,105.12,43,2.19
2022-09-19,107.2,79.39,134.27,78.7,95.4,50,2.61
2022-09-20,98.4,110.67,103.38,114.13,74.01,53,1.93
2022-09-21,89.32,91.65,91.37,100.15,78.77,48,1.62
2022-09-22,103.5,77.53,89.15,93.03,132.48,46,2.59
2022-09-23,91.23,88.95,84.03,100.84,115.57,56,2.07
2022-09-24,139.05,137.78,172.04,130.37,125.28,51,2.08
2022-09-25,126.03,100.75,138.61,145.4,131.38,41,2.42
2022-09-26,112.51,142.6,131.92,109.42,140.17,43,2.39
2022-09-27,89.32,108.08,86.87,84.62,62.86,51,1.69
2022-09-28,72.1,79.41,77.74,90.91,85.54,65,1.34
2022-09-29,100.79,98.51,85.57,85.72,127.9,55,2.02
2022-09-30,108.98,103.21,122.42,84.16,82.26,39,2.22
2022-10-01,111.06,121.12,106.23,116.69,88.5,42,1.98
2022-10-02,114.96,118.09,110.99,147.33,146.74,47,2.39
2022-10-03,113.83,83.94,124.03,105.49,116.4,41,2.85
2022-10-04,116.64,117.52,147.18,85.99,82.64,45,1.94
2022-10-05,86.67,102.6,64.0,78.31,74.06,58,1.58
2022-10-06,78.24,76.33,93.49,78.52,75.89,56,1.74
2022-10-07,106.61,77.95,93.33,84.99,118.95,46,2.67
2022-10-08,122.16,143.14,118.05,133.74,139.25,49,2.11
2022-10-09,101.97,83.7,72.72,132.42,132.28,44,1.96
2022-10-10,117.78,100.72,103.72,114.37,102.76,50,3.37
2022-10-11,98.88,78.99,99.03,90.26,101.15,37,1.68
2022-10-12,97.56,87.62,71.58,91.75,99.51,43,2.57
2022-10-13,113.2,130.64,112.6,87.06,106.79,43,2.46
2022-10-14,121.88,123.3,153.11,149.91,97.69,64,2.1
2022-10-15,123.84,101.91,94.52,117.51,159.32,47,1.97
2022-10-16,119.62,146.74,138.6,111.53,144.98,34,2.22
2022-10-17,145.9,179.13,138.0,159.88,145.76,53,3.04
2022-10-18,103.73,126.79,113.39,100.12,110.16,65,1.7
2022-10-19,92.79,78.25,79.44,101.05,77.61,54,2.06
2022-10-20,96.62,93.8,76.88,71.2,99.16,50,2.15
2022-10-21,114.85,148.27,91.45,136.47,128.28,49,2.21
2022-10-22,127.44,148.24,94.6,161.12,128.6,46,3.64
2022-10-23,127.4,91.26,103.37,138.77,164.88,50,2.32
2022-10-24,117.25,86.66,128.81,149.23,125.09,42,2.44
2022-10-25,105.46,103.18,129.61,83.4,97.29,43,2.24
2022-10-26,89.96,112.05,106.92,88.75,104.65,54,2.57
2022-10-27,92.58,94.73,102.86,98.23,74.27,51,1.54
2022-10-28,116.87,116.72,89.55,122.6,108.77,50,2.72
2022-10-29,129.37,98.74,113.0,121.72,117.49,50,2.35
2022-10-30,151.3,165.54,134.04,136.6,145.11,43,2.65
2022-10-31,99.43,118.65,84.52,77.17,116.24,54,1.81
2022-11-01,120.02,111.41,121.1,112.22,118.88,39,2.18
2022-11-02,111.27,129.67,113.64,88.75,130.9,40,1.92
2022-11-03,82.47,105.46,75.39,94.07,86.26,50,2.01
2022-11-04,115.97,95.36,105.79,95.71,104.98,52,1.87
2022-11-05,131.88,133.73,157.88,96.95,156.41,49,2.27
2022-11-06,125.96,109.87,147.82,129.92,106.18,54,3.0
2022-11-07,122.02,143.46,107.95,128.99,101.84,45,2.65
2022-11-08,101.94,106.69,127.25,124.69,102.22,53,2.61
2022-11-09,120.36,130.08,153.06,125.92,103.09,57,2.46
2022-11-10,116.68,137.54,104.55,105.86,82.31,45,2.92
2022-11-11,136.31,127.8,124.4,161.09,148.44,54,3.03
2022-11-12,147.1,183.73,147.59,150.65,148.07,36,2.83
2022-11-13,133.11,135.75,168.34,99.51,128.76,51,2.61
2022-11-14,129.0,102.53,158.13,134.1,165.15,47,2.22
2022-11-15,122.47,136.86,93.26,152.45,127.7,42,2.78
2022-11-16,95.22,111.97,89.09,89.3,115.98,48,2.07
2022-11-17,119.13,106.04,122.95,104.58,93.36,45,2.43
2022-11-18,125.95,152.94,126.19,99.01,131.18,50,2.13
2022-11-19,140.96,175.31,115.07,111.48,172.09,46,2.2
2022-11-20,156.41,135.48,190.09,150.11,164.21,38,3.48
2022-11-21,143.67,185.35,158.92,151.92,162.46,43,3.12
2022-11-22,119.01,93.36,143.14,89.07,109.88,48,2.38
2022-11-23,124.16,101.96,150.88,156.9,93.8,49,2.48
2022-11-24,106.38,86.23,122.24,122.67,103.7,39,2.22
2022-11-25,139.77,172.81,134.67,147.03,130.92,53,3.33
2022-11-26,155.96,170.4,166.31,186.7,190.31,45,2.84
2022-11-27,151.6,119.95,120.7,113.41,128.31,43,2.86
2022-11-28,147.94,142.64,163.35,145.88,189.37,43,2.84
2022-11-29,115.62,123.62,93.37,124.65,147.4,45,2.31
2022-11-30,127.37,95.54,142.2,152.49,108.09,53,2.55
2022-12-01,120.97,148.73,101.35,141.55,109.95,41,2.2
2022-12-02,134.07,158.49,103.3,116.14,165.89,47,2.44
2022-12-03,166.27,166.79,132.88,210.25,212.82,51,2.48
2022-12-04,153.45,196.45,107.6,118.86,148.24,53,3.13
2022-12-05,136.44,129.71,154.35,167.15,121.79,51,2.73
2022-12-06,118.47,152.88,134.99,151.94,120.32,45,1.79
2022-12-07,130.14,143.26,131.31,104.93,144.81,52,2.77
2022-12-08,116.02,125.39,92.45,131.48,100.25,44,2.52
2022-12-09,162.89,130.24,122.19,117.96,186.0,50,2.76
2022-12-10,141.05,173.37,100.35,133.04,103.11,62,3.07
2022-12-11,183.59,175.6,146.77,185.38,133.94,47,3.75
2022-12-12,158.81,126.63,196.05,166.5,147.98,58,3.24
2022-12-13,139.28,98.55,117.68,175.71,127.04,52,2.9
2022-12-14,124.89,129.37,113.97,137.8,111.07,57,2.66
2022-12-15,139.1,141.39,106.17,137.54,138.35,59,3.31
2022-12-16,151.29,171.2,126.09,179.4,135.02,48,3.09
2022-12-17,179.26,221.23,181.33,227.72,146.16,53,3.2
2022-12-18,174.16,130.21,185.41,124.21,154.25,59,2.9
2022-12-19,164.62,187.49,139.47,212.28,211.53,47,2.61
2022-12-20,143.06,116.23,105.1,107.54,135.43,49,2.86
2022-12-21,136.24,165.52,127.34,161.94,131.72,48,3.49
2022-12-22,144.69,172.39,121.62,125.62,151.34,48,3.45
2022-12-23,141.09,144.54,117.35,109.95,182.0,52,2.31
2022-12-24,161.29,181.63,205.79,155.47,136.28,40,2.93
2022-12-25,187.01,166.18,200.06,203.16,207.35,46,3.53
2022-12-26,171.41,168.45,177.26,159.17,193.62,59,3.23
2022-12-27,151.45,180.68,143.8,110.98,161.21,43,2.52
2022-12-28,143.61,140.1,137.49,152.18,108.16,51,2.82
2022-12-29,151.71,138.77,155.44,188.34,167.81,40,2.45
2022-12-30,159.43,158.87,178.22,148.26,117.73,51,3.62
2022-12-31,173.63,207.83,194.69,144.08,183.65,48,3.1
2023-01-01,188.18,169.58,151.12,181.7,215.24,52,4.28
2023-01-02,166.57,133.97,166.58,121.44,137.69,52,2.92
2023-01-03,164.04,184.9,155.37,195.58,197.66,45,2.69
2023-01-04,133.06,159.08,162.64,159.11,95.56,56,2.66
2023-01-05,165.19,125.61,178.21,173.91,199.26,47,3.37
2023-01-06,176.21,148.71,179.65,160.68,172.01,51,3.52
2023-01-07,190.63,149.68,146.64,224.92,158.33,47,4.24
2023-01-08,202.7,184.21,215.55,209.35,158.16,52,3.9
2023-01-09,199.66,193.71,153.8,238.7,253.96,53,4.87
2023-01-10,176.73,203.12,159.47,190.67,131.42,38,3.27
2023-01-11,138.3,150.84,108.66,161.9,113.33,44,2.77
2023-01-12,148.71,159.5,165.85,157.51,135.13,58,2.32
2023-01-13,171.83,156.61,141.55,162.98,184.23,56,3.24
2023-01-14,194.91,234.84,182.26,248.46,200.15,48,4.53
2023-01-15,204.62,201.09,253.19,209.66,158.66,43,3.93
2023-01-16,182.29,234.69,149.95,193.78,159.29,42,3.44
2023-01-17,174.98,189.06,175.8,145.63,147.55,56,3.18
2023-01-18,155.65,120.75,148.11,167.39,128.9,58,2.78
2023-01-19,161.87,178.98,115.07,168.82,153.24,65,3.68
2023-01-20,170.46,152.57,200.4,138.23,191.33,53,3.63
2023-01-21,191.84,213.28,142.23,141.14,159.31,53,3.31
2023-01-22,192.31,142.65,189.34,204.35,176.93,43,3.7
2023-01-23,186.14,149.83,192.92,215.59,173.96,51,4.23
2023-01-24,189.97,230.52,204.61,192.64,244.28,55,3.52
2023-01-25,160.0,133.81,178.11,133.77,203.65,40,3.56
2023-01-26,200.56,241.12,170.87,220.6,236.68,50,4.36
2023-01-27,195.68,169.76,138.14,146.38,165.35,62,4.35
2023-01-28,209.09,227.02,237.12,201.79,154.9,57,3.87
2023-01-29,203.38,227.07,207.73,162.3,181.04,47,5.21
2023-01-30,209.0,210.58,251.14,169.43,179.75,41,5.36
2023-01-31,179.72,158.73,214.38,147.62,180.36,52,4.61
2023-02-01,176.72,146.25,213.12,164.7,206.16,62,2.95
2023-02-02,205.79,148.15,203.95,150.37,250.03,54,4.12
2023-02-03,195.68,172.67,176.15,183.68,236.17,51,3.76
2023-02-04,224.59,245.23,263.87,226.16,205.68,48,4.24
2023-02-05,210.73,266.15,204.57,208.62,234.4,50,6.59
2023-02-06,207.39,253.58,168.0,192.8,184.1,43,5.18
2023-02-07,208.88,242.22,253.36,251.38,153.85,43,4.1
2023-02-08,174.86,205.12,214.99,137.65,196.0,54,2.78
2023-02-09,203.88,224.07,199.76,204.58,143.92,52,3.85
2023-02-10,209.23,179.14,155.97,154.25,197.83,46,3.74
2023-02-11,212.92,264.94,198.59,158.13,191.12,43,3.61
2023-02-12,229.47,252.98,271.26,239.64,256.1,46,3.82
2023-02-13,222.78,230.86,276.49,231.61,258.37,46,4.95
2023-02-14,202.64,155.34,166.59,248.61,178.82,61,3.56
2023-02-15,170.61,165.19,126.29,176.54,202.51,44,3.88
2023-02-16,183.61,179.24,225.18,234.26,160.9,46,3.01
2023-02-17,204.73,249.51,191.15,149.29,198.14,59,4.01
2023-02-18,222.78,229.01,228.36,169.05,253.12,42,4.55
2023-02-19,234.26,217.45,300.05,170.18,261.38,50,3.78
2023-02-20,219.67,282.51,162.54,178.19,283.9,60,4.58
2023-02-21,187.83,143.96,204.54,192.48,156.86,61,3.76
2023-02-22,194.8,185.75,145.02,211.81,213.77,50,3.9
2023-02-23,201.59,146.2,186.53,146.63,214.86,53,4.03
2023-02-24,217.33,248.61,256.95,275.48,271.46,46,5.05
2023-02-25,238.78,298.67,229.25,287.8,189.54,35,4.26
2023-02-26,240.76,208.98,312.58,211.38,277.13,49,4.54
2023-02-27,226.77,275.52,234.8,169.24,236.05,49,4.2
2023-02-28,204.68,179.16,182.72,164.14,177.01,42,4.26
2023-03-01,178.5,222.5,148.53,138.55,175.77,50,3.37
2023-03-02,203.81,234.87,185.53,157.74,183.48,46,4.85
2023-03-03,217.75,257.59,201.1,220.18,228.12,37,4.11
2023-03-04,234.54,166.71,173.85,198.78,289.28,56,4.26
2023-03-05,223.42,285.46,205.94,204.4,232.71,55,5.2
2023-03-06,215.04,244.29,210.43,278.2,232.04,49,4.3
2023-03-07,219.5,193.79,248.84,243.78,221.97,56,4.77
2023-03-08,198.22,237.39,216.86,251.61,144.84,47,4.72
2023-03-09,209.74,182.24,236.01,164.76,176.12,53,3.75
2023-03-10,219.28,268.32,154.59,203.77,218.22,59,5.48
2023-03-11,235.35,180.64,195.48,243.07,208.55,56,3.86
2023-03-12,248.7,279.09,272.83,185.54,201.21,60,4.69
2023-03-13,223.73,229.19,221.58,157.17,224.28,50,4.39
2023-03-14,212.87,161.34,149.69,234.64,190.24,37,3.94
2023-03-15,196.83,166.35,232.79,213.58,168.26,64,2.81
2023-03-16,201.32,142.42,234.28,190.55,196.97,52,3.73
2023-03-17,218.55,214.45,224.9,217.19,170.46,39,5.08
2023-03-18,239.82,211.22,177.44,227.65,301.37,55,4.8
2023-03-19,236.98,250.97,274.88,169.3,289.26,46,4.02
2023-03-20,243.8,214.14,256.04,219.72,274.17,45,4.28
2023-03-21,205.22,180.58,239.94,165.46,156.73,64,3.66
2023-03-22,201.74,231.18,232.21,153.13,235.13,48,3.48
2023-03-23,203.32,148.2,240.29,259.04,240.89,47,3.99
2023-03-24,238.06,295.61,240.63,252.25,276.31,53,4.86
2023-03-25,241.41,292.44,189.31,274.53,185.5,34,5.75
2023-03-26,253.83,279.39,279.9,225.71,275.75,51,4.7
2023-03-27,218.03,230.23,233.79,204.05,261.77,51,3.41
2023-03-28,218.38,269.78,250.12,183.91,228.51,44,4.2
2023-03-29,213.94,173.55,171.57,162.21,232.74,44,3.63
2023-03-30,209.88,156.86,171.47,169.46,204.64,51,3.89
2023-03-31,235.48,198.68,290.64,277.52,239.54,61,4.06
2023-04-01,235.41,277.01,270.71,260.48,169.64,39,4.8
2023-04-02,258.64,186.43,321.99,265.92,280.2,63,5.62
2023-04-03,256.8,269.56,296.66,252.96,192.31,50,5.35
2023-04-04,212.9,276.19,225.31,266.86,204.6,38,3.43
2023-04-05,201.31,244.27,219.93,149.7,176.27,62,3.8
2023-04-06,224.2,227.09,276.55,194.69,230.32,53,4.77
2023-04-07,241.13,178.0,252.53,219.42,188.09,52,5.02
2023-04-08,235.76,282.63,254.48,275.71,262.87,55,5.89
2023-04-09,240.65,254.94,191.04,311.76,283.24,49,5.01
2023-04-10,231.19,177.78,227.57,195.22,184.49,42,4.45
2023-04-11,203.18,153.67,229.56,248.81,154.94,46,4.06
2023-04-12,196.57,244.88,169.56,235.57,154.76,42,4.27
2023-04-13,199.52,219.77,163.88,166.56,244.67,41,3.38
2023-04-14,217.45,260.41,193.16,204.31,221.12,44,3.56
2023-04-15,240.32,294.97,203.05,227.3,235.6,45,5.34
2023-04-16,246.77,257.4,204.56,317.58,188.54,60,4.05
2023-04-17,249.0,251.6,237.77,201.32,271.34,52,4.08
2023-04-18,206.02,197.42,256.43,243.0,251.51,48,3.12
2023-04-19,214.88,191.28,215.79,193.5,257.19,53,3.98
2023-04-20,206.6,198.49,167.91,235.22,222.22,45,4.22
2023-04-21,223.71,260.47,166.93,212.97,166.7,39,4.14
2023-04-22,246.4,261.46,275.4,257.98,189.09,50,4.83
2023-04-23,232.08,286.74,215.76,278.4,169.32,44,3.46
2023-04-24,236.09,228.07,281.68,279.18,201.74,46,5.49
2023-04-25,216.35,230.25,237.06,263.91,169.05,47,4.51
2023-04-26,208.54,224.97,245.61,153.44,178.52,61,4.17
2023-04-27,210.12,221.68,181.37,234.33,195.63,49,3.82
2023-04-28,247.14,277.19,275.67,193.76,312.83,60,6.5
2023-04-29,231.56,195.08,198.78,219.87,246.9,65,5.51
2023-04-30,236.2,237.95,298.42,243.08,283.67,47,5.37
2023-05-01,224.14,170.92,242.48,211.06,252.43,51,4.77
2023-05-02,207.14,192.79,185.33,209.58,158.98,48,5.18
2023-05-03,195.16,193.72,168.17,253.31,222.79,55,4.76
2023-05-04,216.94,236.75,176.71,169.46,187.67,64,3.56
2023-05-05,234.53,297.93,261.92,259.22,254.1,44,4.69
2023-05-06,229.88,243.76,191.08,215.53,207.94,31,4.6
2023-05-07,230.74,264.46,243.93,179.93,299.64,40,4.44
2023-05-08,232.56,233.43,199.71,184.94,199.56,45,5.81
2023-05-09,204.55,221.01,224.43,259.69,177.44,44,4.17
2023-05-10,205.16,152.34,243.93,251.89,258.17,39,3.66
2023-05-11,204.29,174.18,238.36,254.18,146.02,44,5.24
2023-05-12,202.29,185.52,233.95,261.95,226.16,61,3.55
2023-05-13,248.1,244.0,201.61,204.68,281.64,47,4.77
2023-05-14,253.98,184.74,191.25,231.95,305.23,48,5.4
2023-05-15,218.59,171.38,244.68,240.78,280.81,49,4.37
2023-05-16,202.99,175.81,186.96,201.02,260.92,65,4.83
2023-05-17,198.4,254.54,190.35,188.69,146.65,51,3.48
2023-05-18,202.24,181.77,145.35,184.98,241.29,43,3.61
2023-05-19,220.59,218.21,188.77,233.0,239.96,42,4.9
2023-05-20,249.21,203.77,179.48,260.51,271.24,52,4.15
2023-05-21,230.66,245.99,283.13,183.8,179.22,47,3.84
2023-05-22,213.07,185.03,180.26,209.46,232.27,51,4.02
2023-05-23,189.34,156.05,195.85,195.41,244.15,37,3.79
2023-05-24,184.43,186.26,133.41,192.21,230.0,57,3.69
2023-05-25,194.69,136.92,214.18,160.82,187.58,58,4.64
2023-05-26,228.01,160.65,203.8,261.15,165.07,40,5.43
2023-05-27,219.92,182.85,272.43,157.27,201.75,46,3.01
2023-05-28,230.59,166.49,284.29,210.51,275.75,57,5.12
2023-05-29,216.75,165.77,194.03,253.19,242.95,50,4.17
2023-05-30,210.82,190.43,261.53,218.9,205.67,48,4.79
2023-05-31,212.75,251.37,276.08,182.26,155.96,41,3.32
2023-06-01,185.39,193.4,221.58,207.07,177.26,35,3.43
2023-06-02,200.79,202.32,242.34,208.91,197.06,43,4.18
2023-06-03,231.1,202.47,196.3,272.18,290.53,47,5.37
2023-06-04,230.68,290.44,241.3,263.21,250.21,58,4.44
2023-06-05,230.84,216.57,170.9,246.09,204.75,64,4.12
2023-06-06,200.17,150.58,151.52,198.75,203.22,51,4.35
2023-06-07,179.24,191.83,232.89,139.79,132.57,53,4.27
2023-06-08,191.91,147.44,171.95,164.43,246.32,53,3.62
2023-06-09,212.03,192.34,243.6,201.74,194.23,35,3.48
2023-06-10,224.08,225.08,265.31,237.43,221.1,51,4.98
2023-06-11,224.1,274.42,272.24,225.94,204.64,43,4.57
2023-06-12,218.16,217.32,283.3,190.43,242.05,46,4.04
2023-06-13,201.11,225.52,169.92,141.56,220.69,41,4.47
2023-06-14,191.7,248.38,138.83,191.26,216.46,57,3.99
2023-06-15,187.5,146.04,177.51,163.38,161.41,50,3.29
2023-06-16,194.24,167.99,151.13,221.58,172.76,54,4.41
2023-06-17,212.28,198.85,151.45,151.65,164.55,45,4.25
2023-06-18,226.0,215.4,207.07,237.5,247.09,52,5.38
2023-06-19,194.2,183.83,227.26,245.64,140.58,45,4.05
2023-06-20,187.95,233.92,195.42,151.23,198.97,41,3.3
2023-06-21,168.76,190.43,149.8,165.89,206.19,48,3.31
2023-06-22,176.09,187.49,192.4,132.92,217.38,60,3.09
2023-06-23,203.47,180.19,170.75,218.81,197.24,51,3.7
2023-06-24,207.47,247.78,147.02,213.76,202.4,54,4.61
2023-06-25,209.12,266.22,242.29,197.5,156.04,40,4.18
2023-06-26,183.48,218.84,197.1,185.83,202.28,53,4.17
2023-06-27,186.42,130.67,215.76,230.78,222.35,42,3.33
2023-06-28,173.82,188.05,125.74,142.15,147.19,64,3.28
2023-06-29,192.1,140.36,230.95,137.07,183.03,56,4.37
2023-06-30,182.25,155.75,195.32,221.8,219.31,57,4.14
2023-07-01,202.39,148.9,210.09,211.76,248.19,52,3.89
2023-07-02,205.79,218.6,221.17,254.02,174.08,45,4.04
2023-07-03,207.48,230.7,252.84,219.55,213.77,50,4.51
2023-07-04,172.63,132.7,181.63,204.75,140.78,47,5.57
2023-07-05,164.78,153.29,172.78,157.83,125.42,47,3.0
2023-07-06,171.16,166.67,221.55,196.82,213.38,61,3.0
2023-07-07,181.82,167.53,209.82,226.88,216.78,47,3.71
2023-07-08,190.36,147.07,183.77,198.6,220.06,53,3.46
2023-07-09,199.86,190.14,224.73,161.58,145.75,63,5.0
2023-07-10,197.07,226.77,183.97,169.73,237.72,66,4.28
2023-07-11,157.95,117.3,132.26,129.39,152.08,52,2.98
2023-07-12,157.97,118.18,167.15,133.98,143.03,60,3.04
2023-07-13,152.74,139.43,191.98,135.0,157.0,54,2.78
2023-07-14,186.58,236.03,234.62,192.75,140.83,41,3.66
2023-07-15,174.28,191.91,157.75,183.48,201.12,60,2.95
2023-07-16,187.04,207.09,190.14,178.79,196.29,41,3.9
2023-07-17,184.83,169.52,152.85,197.63,150.08,52,3.55
2023-07-18,178.62,188.66,231.74,133.78,145.21,45,2.98
2023-07-19,150.75,106.44,194.27,113.47,122.19,48,2.74
2023-07-20,148.98,161.15,162.35,119.65,109.38,50,2.26
2023-07-21,188.26,234.94,222.64,190.3,198.17,62,3.62
2023-07-22,169.88,181.35,191.8,140.73,204.57,55,3.69
2023-07-23,165.51,202.62,174.76,143.99,117.6,43,3.25
2023-07-24,180.37,204.61,132.03,169.58,131.56,54,4.62
2023-07-25,152.88,118.08,148.73,181.49,159.56,49,2.78
2023-07-26,136.17,169.05,150.45,96.45,162.27,56,2.23
2023-07-27,156.63,115.88,173.31,170.67,140.35,53,3.4
2023-07-28,166.93,170.33,154.22,183.84,151.87,45,3.41
2023-07-29,173.8,136.48,219.86,204.95,183.85,40,3.34
2023-07-30,169.82,120.07,135.93,213.92,146.82,43,3.09
2023-07-31,179.86,171.45,179.9,128.07,128.77,61,4.61
2023-08-01,159.62,139.99,177.9,126.46,182.14,55,2.75
2023-08-02,140.65,139.46,157.28,173.23,151.25,51,2.23
2023-08-03,163.32,170.88,177.88,159.25,171.23,56,3.08
2023-08-04,149.14,108.31,129.03,154.92,170.77,54,3.24
2023-08-05,159.59,123.49,126.67,175.2,176.37,58,3.89
2023-08-06,171.16,177.19,185.12,189.55,140.96,53,3.49
2023-08-07,166.19,150.55,176.09,209.24,151.48,54,3.26
2023-08-08,151.11,171.89,122.04,196.17,117.21,49,2.65
2023-08-09,134.85,147.17,151.44,152.66,104.9,49,2.41
2023-08-10,144.05,173.92,140.17,125.66,159.28,50,3.0
2023-08-11,143.07,159.59,157.47,175.66,173.85,57,2.42
2023-08-12,185.08,177.3,222.55,135.02,236.47,44,3.63
2023-08-13,173.12,191.09,138.82,145.19,186.45,58,4.44
2023-08-14,173.74,150.33,123.61,215.17,140.81,50,4.04
2023-08-15,148.1,130.89,172.9,126.43,113.06,47,2.79
2023-08-16,137.88,161.79,146.96,114.77,163.76,44,2.87
2023-08-17,142.35,137.77,159.4,111.44,149.08,57,2.69
2023-08-18,156.25,184.23,187.96,189.92,167.34,45,2.84
2023-08-19,173.34,206.87,204.83,173.34,202.61,47,3.4
2023-08-20,183.57,222.95,234.34,202.84,205.96,49,4.48
2023-08-21,160.94,201.18,164.41,135.75,193.24,54,3.35
2023-08-22,148.24,142.1,147.22,171.2,108.77,59,2.35
2023-08-23,128.98,114.96,121.38,149.1,148.13,41,3.15
2023-08-24,147.69,154.97,117.0,131.08,178.78,57,3.14
2023-08-25,141.73,130.77,147.9,134.13,123.54,46,2.73
2023-08-26,181.71,192.73,157.4,150.06,197.03,50,3.13
2023-08-27,166.75,187.32,208.91,214.43,148.16,53,3.88
2023-08-28,141.63,157.64,148.7,154.0,180.54,66,2.78
2023-08-29,139.47,128.97,147.24,175.84,100.43,70,3.17
2023-08-30,120.19,96.16,109.72,106.01,125.94,50,2.56
2023-08-31,138.9,133.11,101.56,162.4,111.11,49,2.83
2023-09-01,139.26,109.39,100.13,161.47,156.99,49,2.53
2023-09-02,156.62,193.28,149.42,174.63,126.16,55,3.07
2023-09-03,145.73,132.25,109.4,186.44,122.59,58,2.97
2023-09-04,148.97,118.08,158.52,139.45,148.46,52,3.46
2023-09-05,111.6,79.82,137.11,86.87,139.37,47,1.86
2023-09-06,108.89,118.42,133.91,120.11,90.06,46,1.7
2023-09-07,135.93,147.09,148.9,154.63,106.91,43,2.34
2023-09-08,151.56,137.06,125.3,158.38,175.11,54,3.22
2023-09-09,163.35,121.37,198.92,134.61,163.41,66,3.33
2023-09-10,153.05,144.76,188.51,153.46,190.87,59,3.12
2023-09-11,151.21,134.08,123.69,134.17,119.15,51,3.09
2023-09-12,134.09,148.34,153.2,128.26,145.83,38,2.23
2023-09-13,111.54,118.62,97.25,121.25,93.66,49,2.14
2023-09-14,141.84,130.32,167.6,162.71,112.63,48,2.63
2023-09-15,151.06,125.49,196.12,126.79,167.68,57,2.48
2023-09-16,155.56,201.12,111.7,146.73,164.31,43,3.62
2023-09-17,161.77,157.31,200.34,139.37,186.51,55,2.74
2023-09-18,152.65,169.89,163.88,125.05,135.2,50,3.55
2023-09-19,112.69,88.39,144.7,131.85,109.17,48,2.3
2023-09-20,119.73,118.69,117.21,149.12,112.93,55,2.72
2023-09-21,119.17,85.38,144.0,109.89,153.78,42,2.43
2023-09-22,131.55,131.98,97.01,151.38,115.15,45,2.68
2023-09-23,154.34,197.31,139.09,191.11,135.34,40,2.71
2023-09-24,178.96,166.53,132.47,216.13,163.34,45,3.25
2023-09-25,156.56,113.25,201.21,126.76,162.62,41,2.34
2023-09-26,127.08,91.32,151.25,161.87,108.2,59,2.12
2023-09-27,127.71,119.13,154.73,118.26,159.53,56,2.32
2023-09-28,139.87,111.34,176.62,126.38,120.2,54,3.25
2023-09-29,150.8,107.67,113.26,111.21,186.62,48,3.87
2023-09-30,157.85,182.11,147.01,156.54,120.29,51,2.98
2023-10-01,154.72,150.86,114.89,118.42,169.25,40,2.92
2023-10-02,157.43,137.53,130.12,133.68,195.88,53,3.09
2023-10-03,137.13,170.05,114.87,122.07,109.88,66,2.14
2023-10-04,131.45,101.17,129.01,155.8,168.38,46,1.8
2023-10-05,132.84,169.18,114.39,162.77,129.09,46,2.95
2023-10-06,152.77,135.72,116.19,134.66,193.62,51,2.83
2023-10-07,152.72,188.31,122.25,185.59,168.92,57,3.05
2023-10-08,175.28,186.11,138.19,212.85,154.42,55,3.25
2023-10-09,153.46,183.54,197.01,177.82,124.76,48,3.27
2023-10-10,155.08,200.12,179.21,122.21,136.82,69,3.69
2023-10-11,116.84,102.0,149.63,130.18,88.31,48,2.49
2023-10-12,145.19,185.36,139.94,183.95,114.16,47,2.59
2023-10-13,145.69,136.03,126.32,161.65,111.13,35,3.1
2023-10-14,153.1,142.58,180.5,137.63,146.02,49,2.73
2023-10-15,158.92,143.7,142.35,158.97,187.1,57,3.61
2023-10-16,150.02,153.75,131.97,163.14,117.74,50,3.57
2023-10-17,140.42,111.28,117.88,141.31,109.27,53,3.19
2023-10-18,130.91,135.13,101.82,101.06,142.17,44,2.67
2023-10-19,124.14,127.25,106.0,110.14,101.59,32,2.53
2023-10-20,145.62,168.51,132.98,172.04,110.46,45,3.03
2023-10-21,183.29,219.98,202.42,223.04,146.65,50,3.59
2023-10-22,183.38,176.83,135.25,143.47,230.01,59,4.37
2023-10-23,160.04,141.06,132.24,203.48,190.91,46,3.72
2023-10-24,139.11,119.02,164.9,124.82,126.93,47,2.96
2023-10-25,129.53,105.8,102.09,142.14,141.64,54,3.81
2023-10-26,138.76,101.93,125.66,159.73,141.86,52,2.57
2023-10-27,138.48,125.39,168.78,164.4,153.2,43,2.43
2023-10-28,162.23,139.87,128.64,205.62,180.01,64,3.12
2023-10-29,152.45,195.12,114.29,135.34,164.23,53,3.05
2023-10-30,162.8,168.44,161.29,197.82,139.95,41,3.32
2023-10-31,148.42,134.82,130.83,115.62,107.37,46,3.03
2023-11-01,126.81,132.93,131.64,142.41,123.43,42,2.95
2023-11-02,151.77,118.92,179.44,173.81,187.38,47,3.3
2023-11-03,139.95,135.25,109.48,154.87,145.79,51,2.46
2023-11-04,153.75,165.4,161.2,130.9,184.42,46,2.26
2023-11-05,175.07,173.9,175.64,214.25,226.71,59,2.82
2023-11-06,173.05,162.85,136.09,138.67,138.12,47,3.15
2023-11-07,162.65,210.84,174.75,119.09,181.36,47,3.7
2023-11-08,131.0,160.89,113.21,148.09,144.7,52,2.38
2023-11-09,150.85,162.02,149.75,148.63,194.29,43,2.69
2023-11-10,155.94,162.43,116.85,188.6,201.37,57,2.74
2023-11-11,170.87,183.24,166.73,158.91,190.01,39,4.07
2023-11-12,185.94,152.62,164.35,148.93,157.34,54,3.87
2023-11-13,173.46,162.55,207.02,208.48,204.54,53,3.1
2023-11-14,134.49,97.33,98.74,138.44,102.78,54,2.86
2023-11-15,154.88,152.61,147.32,126.0,180.96,46,3.44
2023-11-16,158.47,162.56,154.52,179.42,197.47,44,2.83
2023-11-17,154.75,129.47,175.64,155.78,143.87,62,2.92
2023-11-18,181.31,231.79,189.39,192.66,195.52,48,4.53
2023-11-19,186.88,232.79,205.63,182.49,179.04,52,3.46
2023-11-20,174.45,197.71,203.45,208.86,167.94,38,2.91
2023-11-21,149.73,152.73,182.27,179.34,132.7,56,3.48
2023-11-22,138.45,169.18,122.99,155.84,160.22,57,2.77
2023-11-23,149.53,116.39,152.94,114.13,188.67,53,2.23
2023-11-24,177.92,208.93,214.23,214.09,224.97,52,3.29
2023-11-25,188.05,145.72,243.27,207.34,151.35,47,3.24
2023-11-26,183.55,215.96,226.45,205.25,224.82,37,4.17
2023-11-27,184.95,160.07,170.69,169.75,211.3,50,3.94
2023-11-28,132.2,162.11,108.02,162.28,112.59,50,2.59
2023-11-29,162.16,205.37,161.13,184.09,120.06,48,3.06
2023-11-30,137.96,108.89,157.96,105.89,118.76,59,2.34
2023-12-01,168.2,164.43,167.45,158.89,209.8,52,2.85
2023-12-02,177.1,228.21,175.31,218.16,191.25,49,4.32
2023-12-03,180.06,178.26,216.6,131.14,203.94,37,3.46
2023-12-04,194.64,237.1,178.45,248.53,166.28,37,3.04
2023-12-05,161.86,170.47,196.8,179.26,183.16,52,3.24
2023-12-06,160.04,148.07,151.09,172.66,114.73,56,3.02
2023-12-07,160.84,140.17,144.26,138.7,148.81,54,3.57
2023-12-08,182.59,150.08,177.55,155.07,196.48,32,3.38
2023-12-09,195.11,225.76,225.83,246.86,153.68,42,3.42
2023-12-10,186.26,173.58,144.47,163.72,222.36,48,2.82
2023-12-11,199.13,200.48,162.86,232.04,167.47,49,4.98
2023-12-12,167.77,167.0,213.22,157.01,183.1,48,3.36
2023-12-13,147.23,154.05,118.56,115.36,138.85,59,4.09
2023-12-14,163.28,199.1,169.92,115.35,172.69,59,3.14
2023-12-15,199.12,256.56,208.6,204.41,152.22,41,3.26
2023-12-16,209.17,197.57,207.87,268.88,148.54,43,4.27
2023-12-17,201.96,241.65,219.5,186.11,251.6,59,4.3
2023-12-18,192.06,222.55,160.93,175.61,165.52,55,4.0
2023-12-19,175.91,183.67,181.47,159.46,209.65,57,3.52
2023-12-20,190.01,242.0,175.44,192.35,246.94,56,5.43
2023-12-21,177.86,145.89,195.11,171.53,147.06,64,3.12
2023-12-22,194.91,149.22,152.95,239.34,167.45,49,3.3
2023-12-23,217.49,263.68,226.74,218.21,238.75,57,3.75
2023-12-24,214.38,206.56,173.9,215.38,274.25,42,4.12
2023-12-25,199.53,241.07,173.03,156.24,249.31,57,5.54
2023-12-26,183.75,227.08,152.74,236.97,184.06,49,4.48
2023-12-27,175.12,129.15,141.8,148.85,206.13,58,3.5
2023-12-28,180.28,221.75,215.51,134.13,140.88,59,3.16
2023-12-29,204.51,198.17,178.22,224.53,263.1,43,3.93
2023-12-30,214.34,215.69,269.27,226.61,274.06,45,4.37
2023-12-31,225.96,243.13,289.68,214.46,180.37,34,3.9
